customer_count,groupname,percentage_of_customers
12,High,14.814814814814815
20,Low,24.691358024691358
36,Medium,44.44444444444444
13,Very High,16.049382716049383
