avg_mean_income,boroname,tree_count
79312.57225763114,Queens,256056
73675.97696942792,Brooklyn,184711
94029.32783386917,Staten Island,106374
