SHARE_2019,SHARE_2020,SHARE_CHANGE,prod_id,prod_name
0.00994494417633992,0.0354482146174504,0.025503270441110483,28,English Willow Cricket Bat
0.03509765475315134,0.025552768706100647,-0.009544886047050692,130,Pro Maple Youth Bat
0.09521898126402384,0.07796884753939512,-0.01725013372462872,14,Pitching Machine and Batting Cage Combo
0.09026325948918461,0.051552034626072,-0.038711224863112605,21,Speed Trainer Bats and Training Program
