BUCKET_NUMBER,CUSTOMER_COUNT,MAX_PROFIT_IN_BUCKET,MIN_PROFIT_IN_BUCKET
1,29,54.49999999999996,-23.559999999999945
2,17,132.71000000000004,59.10000000000005
3,5,216.33999999999992,165.9600000000001
4,3,264.8799999999999,233.02999999999997
5,4,376.58999999999986,304.34000000000015
6,1,430.14,430.14
7,1,507.8600000000001,507.8600000000001
8,2,588.3599999999999,544.0500000000003
9,2,700.9899999999999,698.35
10,4,785.1500000000001,743.1100000000004
