avg_daily_deliveries,driver_id
92.47457627118644,25651
72.0672268907563,26223
12.678571428571429,49258
11.217391304347826,357
11.15625,41596
