country_batting_average,country_name
14.563182120674357,England
12.524753181402085,West Indies
12.356703425378853,Australia
11.738871321406009,South Africa
11.241379310344827,Netherlands
