pp_change,prod_id,prod_name,share_2019q4,share_2020q4
0.009544886047050932,130,Pro Maple Youth Bat,0.03509765475315147,0.02555276870610054
