AVG_PROJECTED_USD_SALES,calendar_month_number
4054.99432502411,1
2402.890174199839,2
2888.4775991276606,3
1474.1040294765332,4
2904.713499188737,5
1440.3539316053082,6
1600.1336172408348,7
1392.597141006711,8
2702.501787240977,9
2218.7734587975715,10
3208.9430007968363,11
3062.6643679549256,12
