HIGHEST_PROFIT,LOWEST_PROFIT,TIER
-10.030000000000086,-27.93999999999994,1
0.5999999999999996,-10.030000000000086,2
18.33000000000001,0.8800000000000008,3
42.48000000000002,19.599999999999937,4
82.47000000000003,54.499999999999964,5
119.29000000000008,88.27000000000004,6
194.11,125.14999999999998,7
307.46999999999986,209.22000000000003,8
588.3600000000001,318.61,9
785.1500000000001,698.35,10
