highest_profit,lowest_profit,sales_tier
30.43,6.83,1
506.71,44.13,2
628.54,516.4300000000001,3
1077.8300000000002,738.1399999999998,4
1178.12,1116.7,5
1527.8999999999999,1181.63,6
1988.82,1540.6199999999997,7
2933.32,2010.08,8
5501.99,2935.7599999999998,9
8482.0,6193.79,10
