avg_subsequent_rentals,avg_total_amount_spent,rating
25.358974358974358,111.94145299145298,NC-17
26.38095238095238,115.2363945578231,PG-13
26.264150943396228,112.67066037735849,PG
25.48,111.42311999999994,R
25.298076923076923,110.65990384615382,G
