geo_id,snap_total,households_under_20,under_20_snap_ratio
6037,533894,536689,1.005235122
48201,294465,242700,0.824206612
42101,264108,167607,0.634615385
26163,237976,167112,0.702222073
4013,217171,219152,1.009121844
32003,178152,114139,0.640683237
6071,170519,99912,0.585928841
48113,166276,144389,0.868369458
12011,142995,111838,0.782111263
6073,135503,138516,1.02223567