DEMOGRAPHIC_GROUP,GROWTH_RATE_PERCENTAGE
Asians,0.3714285714285714
Black people,1.2083333333333333
Global men,-0.047550432276656944
Global women,0.10784313725490206
Latinx people,0.5333333333333335
Native Americans,-0.2
US men,-0.06338028169014075
US women,0.1551724137931036
White people,-0.25116279069767444