DEMOGRAPHIC_GROUP,GROWTH_RATE_PERCENTAGE
Asians,37.14285714285714
Black people,120.83333333333333
Global men,-4.755043227665694
Global women,10.784313725490206
Latinx people,53.33333333333335
Native Americans,-20.0
US men,-6.338028169014075
US women,15.51724137931036
White people,-25.116279069767444