avg_pct_ltv_30_days,avg_pct_ltv_7_days,avg_total_ltv
24.758796259511556,9.379642980279435,112.5484307178631
