pct_increase,segment,unique_products_2020,unique_products_2021
214.28571428571428,Desktop,7,22
50.0,Networking,6,9
49.27536231884058,Accessories,69,103
41.666666666666664,Storage,12,17
27.11864406779661,Peripherals,59,75
17.391304347826086,Notebook,92,108
