customer_count,max_total_profit,min_total_profit,profit_bucket
7,-8.449999999999932,-23.559999999999945,1
7,0.5999999999999996,-8.449999999999932,2
7,18.330000000000005,0.8800000000000008,3
7,42.48000000000002,19.599999999999937,4
7,82.47000000000004,54.49999999999996,5
7,119.29000000000008,88.27000000000004,6
7,194.11,125.14999999999998,7
7,307.47,209.22000000000003,8
6,588.3599999999999,318.61,9
6,785.1500000000001,698.3500000000001,10
