avg_qty_picked,product_id
36.666666666666664,4280
23.333333333333332,6520
