avg_pick_percentage,product_name
43.57575757575758,Der Helle Kumpel
82.14285714285714,Hazy Pink Cloud
78.75,Hercule Trippel
41.666666666666664,Hoppy Crude Oil
92.70833333333333,Monks and Nuns
54.97435897435897,Pale Rider Rides
